,a49,a51,a12,a101,a10,a18,a17,a46,a38,a34,a5,a28,a43,a42,a11,a13,a20,a83,a47,a8,a16,a30,a45,a7,a14,a55,a60
AAPL,-0.00999413143844185,-0.0,-0.0,0.0,-0.0,0.0,-0.0,0.0,-0.0,-0.0,0.0,-0.0,-5.529380342574696e-05,-0.0,0.0,-0.0,-0.0,-0.0,-0.0,-0.0,-0.0,-0.0,-0.0,-6.939539811251883e-05,-0.0,0.0,-0.0
MSFT,-0.005503046700971075,-1.08047001633127e-18,-0.0,0.0,-0.0,-0.0,-0.0,0.0,-0.0,-0.0,0.0,-0.0,-3.168446055851086e-05,-0.0,-0.0,-0.0,-0.0,-0.0,-0.0,0.0,-0.0,-0.0,-0.0,-3.8058221264312286e-05,0.0,0.0,-0.0
AMZN,-0.007093307551326337,-1.8074549944146362e-18,-0.0,0.0,-0.0,-0.0,-0.0,0.0,-0.0,-0.0,0.0,-0.0,-4.887683397166608e-05,-0.0,0.0,-0.0,-0.0,-0.0,-0.0,-0.0,-0.0,0.0,-0.0,-5.7174002477270984e-05,-0.0,-0.0,-0.0
GOOGL,-0.014786530940601676,-4.48953095959962e-18,-0.0,0.0,-0.0,-0.0,-0.0,0.0,-0.0,-0.0,0.0,-0.0,-1.6606083856128133e-05,-0.0,0.0,-0.0,-0.0,-0.0,-0.0,0.0,-0.0,-8.285885734080832e-07,-0.0,-2.0700068730577438e-05,-0.0,-0.0,-0.0
GOOG,-0.014858658093888063,-1.798290166072791e-17,-0.0,0.0,-0.0,-0.0,-0.0,0.0,-0.0,-0.0,0.0,-0.0,-1.6907383790792572e-05,-0.0,0.0,-0.0,-0.0,-0.0,-0.0,0.0,-0.0,-0.0,-0.0,-1.8955277620108126e-05,0.0,-0.0,-0.0
TSLA,-0.0077622748846617,-0.0,-0.0,0.0,-0.0,-0.0,-0.0,0.0,-0.0,-0.0,0.0,-0.0,-0.00015849329028495601,-0.00010175511826362096,0.0,-0.0,-0.0,-0.0,-0.0,0.0,-0.0,0.0,-0.0,-0.00022787023566211444,0.0,-0.0,-0.0
META,-0.004586799344776871,-0.0,-0.0,0.0,-0.0,-0.0,-0.0,0.0,-0.0,-0.0,0.0,-0.0,-2.1451146278520917e-05,-0.0,-0.0,-0.0,-0.0,-0.0,-0.0,-0.0,0.0,0.0,-0.0,-2.6051523412303478e-05,0.0,-0.0,-0.0
NVDA,-0.010386601659292317,-0.0,-0.0,0.0,-0.0,-0.0,-0.0,0.0,-0.0,-0.0,0.0,-0.0,-8.131053601405749e-05,-0.0,0.0,-0.0,-0.0,-0.0,-0.0,0.0,-0.0,-0.0,-0.0,-0.00014091370984007853,-0.0,-0.0,-0.0
PYPL,-0.00627784592359825,-0.0,-0.0,0.0,-0.0,-0.0,-0.0,0.0,-0.0,-0.0,0.0,-0.0,-3.615134611874795e-05,-0.0,0.0,-0.0,-0.0,-0.0,-0.0,0.0,-0.0,0.0,-0.0,-7.23761061108357e-05,-0.0,0.0,-0.0
NFLX,-0.0023475302243267347,-5.963915708563267e-19,-0.0,0.0,-0.0,-0.0,-0.0,0.0,-0.0,-0.0,0.0,-0.0,-3.60906015014199e-05,-0.0,-0.0,-0.0,-0.0,-0.0,-0.0,-0.0,-0.0,-0.0,-0.0,-7.968385572419344e-05,-0.0,-0.0,-0.0
ASML,-0.0031886045579868436,-0.0,-0.0,0.0,-0.0,-0.0,-0.0,0.0,-0.0,-0.0,0.0,-0.0,-4.023987385105969e-05,-0.0,-0.0,0.0,-0.0,0.0,-0.0,-0.0,-0.0,-0.0,-0.0,-3.0274744859938653e-05,-0.0,-0.0,0.0
ADBE,-0.002532352179606117,-7.113077058808418e-19,-0.0,0.0,-0.0,-0.0,-0.0,0.0,-0.0,-0.0,0.0,-0.0,-2.985836860291208e-05,-0.0,-0.0,-0.0,-0.0,0.0,-0.0,-0.0,-0.0,-0.0,-0.0,-3.598713424999267e-05,-0.0,-0.0,-0.0
INTC,-0.018604754435688473,-2.3338355752583587e-17,-0.0,0.0,-0.0,-0.0,-0.0,0.0,-0.0,-0.0,0.0,-0.0,-1.2708986669897585e-05,-0.0,-0.0,-0.0,-0.0,-0.0,-0.0,0.0,-0.0,-0.0,-0.0,-2.1138804620934967e-05,0.0,0.0,-0.0
CMCSA,-0.02512122430355788,-0.0,0.0,0.0,-0.0,-0.0,-0.0,0.0,-0.0,-0.0,0.0,-0.0,-2.8544747229491046e-06,-0.0,0.0,0.0,0.0,-0.0,-0.0,-0.0,-0.0,0.0,0.0,-3.4708798136740858e-06,-0.0,-0.0,-0.0
CSCO,-0.022801862344501468,-3.7723475522430186e-18,0.0,0.0,0.0,0.0,-0.0,0.0,0.0,0.0,-0.0,0.0,-3.547829519819897e-06,0.0,0.0,0.0,0.0,-0.0,0.0,0.0,0.0,-3.012176101782286e-06,0.0,-1.1173411911590831e-05,-0.0,-0.0,-0.0
PEP,-0.007965954698261772,-7.877162957922641e-19,-0.0,0.0,-0.0,-0.0,-0.0,-0.0,-0.0,-0.0,0.0,-0.0,-8.950348014827327e-07,-0.0,-0.0,-0.0,-0.0,-0.0,-0.0,-0.0,-0.0,0.0,-0.0,-8.14730914547148e-06,0.0,-0.0,-0.0
AVGO,-0.0038518352549690867,-0.0,0.0,0.0,-0.0,-0.0,-0.0,0.0,-0.0,-0.0,-0.0,-0.0,-3.966315539125188e-06,-0.0,-0.0,-0.0,-0.0,-0.0,-0.0,-0.0,-0.0,-0.0,0.0,-0.0,0.0,-0.0,-0.0
TMUS,-0.010518695710801747,-4.033296767361301e-19,-0.0,0.0,-0.0,-0.0,-0.0,0.0,-0.0,-0.0,0.0,-0.0,-2.2523718312375263e-05,-0.0,-0.0,0.0,-0.0,-0.0,-0.0,-0.0,0.0,-0.0,-0.0,-4.1991092525859646e-05,0.0,-0.0,-0.0
COST,-0.003174082450195843,-3.187939829865647e-18,-0.0,0.0,-0.0,-0.0,-0.0,0.0,-0.0,-0.0,0.0,-0.0,-1.8789383742905856e-05,-0.0,-0.0,-0.0,-0.0,-0.0,-0.0,-0.0,0.0,-0.0,-0.0,-3.417019085983341e-05,0.0,-0.0,-0.0
TXN,-0.008710135864967994,-2.1582085135050147e-18,-0.0,0.0,-0.0,-0.0,-0.0,0.0,-0.0,-0.0,0.0,-0.0,-6.893919983934294e-06,-0.0,-0.0,-0.0,-0.0,-0.0,-0.0,-0.0,-0.0,-0.0,-0.0,-8.327060692885967e-06,0.0,-0.0,-0.0
QCOM,-0.010331100698106931,-3.2097778522757302e-18,-0.0,0.0,-0.0,-0.0,-0.0,0.0,-0.0,-0.0,0.0,-0.0,-2.870362435708516e-05,-0.0,-0.0,0.0,-0.0,-0.0,-0.0,-0.0,-0.0,-0.0,-0.0,-6.084639175503142e-05,0.0,-0.0,-0.0
AMAT,-0.018820649411304687,-0.0,-0.0,0.0,-0.0,-0.0,-0.0,0.0,-0.0,-0.0,0.0,-0.0,-1.3330598949532233e-05,-0.0,0.0,-0.0,-0.0,-0.0,-0.0,0.0,-0.0,0.0,-0.0,-3.356004265691645e-05,-0.0,-0.0,-0.0
MU,-0.020927810104895844,-0.0,-0.0,0.0025100877468979634,-0.0,-0.0,-0.0,0.0,-0.0,-0.0,0.0,-0.0,-2.135621565045732e-05,-0.0,0.0,-0.0,-0.0,-0.0,-0.0,0.0,0.0,-1.4711781140161708e-05,0.0,-5.8107900599518055e-05,0.0,-0.0,-0.0
AMGN,-0.004599158142405881,-3.611847986378761e-20,-0.0,0.0,-0.0,-0.0,-0.0,0.0,-0.0,-0.0,0.0,-0.0,-1.1381638852066898e-05,-0.0,-0.0,-0.0,-0.0,-0.0,-0.0,-0.0,-0.0,0.0,-0.0,-1.4199800997823505e-05,0.0,-0.0,-0.0
INTU,-0.0036916221332185177,-0.0,-0.0,0.0,-0.0,-0.0,-0.0,0.0,-0.0,-0.0,0.0,-0.0,-1.8764873582411435e-05,-0.0,-0.0,0.0,-0.0,0.0,-0.0,-0.0,0.0,-0.0,-0.0,-1.7220484633923352e-05,0.0,-0.0,-0.0
ISRG,-0.005484328237545444,-0.0,-0.0,0.0,-0.0,-0.0,-0.0,0.0,-0.0,-0.0,0.0,-0.0,-1.666869468811871e-05,-0.0,-0.0,-0.0,-0.0,-0.0,-0.0,-0.0,-0.0,0.0,-0.0,-1.8900545398219102e-05,-0.0,0.0,-0.0
CSX,-0.04575664363018749,-0.0008225877407450081,0.0,0.0008120693065084729,0.0,-0.0,-0.0,0.0,-0.0,-0.0,-0.0,0.0,-6.105494066450294e-06,2.31768168397465e-05,0.0,0.0,-0.0,-0.0,-0.0014094718436172284,0.0,0.0,-0.0,-0.0,-1.7944003475056444e-05,-0.0,-0.0,-0.0
VRTX,-0.00410151407194333,-9.889441636059481e-19,-0.0,0.0,-0.0,-0.0,-0.0,0.0,-0.0,-0.0,0.0,-0.0,-3.4013649048415925e-05,-0.0,-0.0,-0.0,-0.0,-0.0,-0.0,-0.0,-0.0,-0.0,-0.0,-5.8721213583515324e-05,-0.0,-0.0,-0.0
JD,-0.014857908922661834,-0.0,-0.0,0.0,-0.0,-0.0,-0.0,0.0,-0.0,-0.0,0.0,-0.0,-6.379745782496628e-05,-0.0,0.0,-0.0,-0.0,-0.0,-0.0,0.0,-0.0,-0.0,-0.0,-0.00010968489605739263,0.0,-0.0,-0.0
GILD,-0.01307825673107941,-3.0049971840939366e-18,-0.0,0.0,-0.0,-0.0,-0.0,0.0,-0.0,-0.0,-0.0,0.0,-2.8365099477036392e-06,-0.0,-0.0,0.0,0.0,-0.0,-0.0,0.0,-0.0,7.403679147797125e-06,-0.0,-5.849831974307498e-06,0.0,-0.0,-0.0
BIDU,-0.005241862253551655,-0.0,0.0,0.0,-0.0,-0.0,-0.0,0.0,-0.0,-0.0,-0.0,0.0,-1.3912697126207967e-05,-0.0,-0.0,-0.0,-0.0,-0.0,-0.0,0.0,-0.0,0.0,-0.0,-1.7574552175611016e-05,-0.0,0.0,-0.0
MRVL,-0.03215024620216769,-4.559988896382546e-17,-0.0,0.0009640772552501761,0.0,0.0,-0.0,0.0,-0.0,0.0,-0.0,-0.0,-2.9079396532578515e-05,2.1584793319935787e-05,0.0,0.0,0.0,-0.0,-0.0,0.0,-0.0,-0.0,-0.0,-7.254911518102603e-05,-0.0,-0.0,-0.0
REGN,-0.0020170605760724144,-0.0,-0.0,0.0,-0.0,-0.0,-0.0,0.0,-0.0,-0.0,0.0,-0.0,-1.7571104707094444e-05,-0.0,-0.0,-0.0,-0.0,0.0,-0.0,-0.0,-0.0,-0.0,-0.0,-1.768685320898111e-05,0.0,-0.0,0.0
MDLZ,-0.01996291096876653,-5.3539367141321046e-18,-0.0,0.0,-0.0,-0.0,-0.0,0.0,-0.0,-0.0,0.0,-0.0,-5.090623635437572e-06,-0.0,0.0,0.0,-0.0,-0.0,-0.0,-0.0,0.0,-0.0,-0.0,-8.240836806034726e-06,-0.0,0.0,-0.0
ADSK,-0.005224132493465269,-1.6226048390233367e-18,-0.0,0.0,-0.0,-0.0,-0.0,0.0,-0.0,-0.0,0.0,-0.0,-3.4705653996023434e-05,-0.0,-0.0,-0.0,-0.0,-0.0,-0.0,-0.0,-0.0,-0.0,-0.0,-4.295112987073834e-05,0.0,-0.0,-0.0
ATVI,-0.016001811983623087,-6.027162603722645e-18,-0.00020950748838235807,0.0,-0.0,-0.0,-0.0,0.0,-0.0,-0.0,0.0,-0.0,-4.93621456906353e-06,-0.0007809299107960214,0.0,0.0,-0.0,-0.0,-0.0,0.0,-0.0,-1.5077330775813117e-06,0.0,-8.111637694918715e-06,-0.0,-0.0,-0.0
BIIB,-0.003391552929437772,-1.3865661532262465e-18,-5.348416797594239e-05,0.0,-0.0,-0.0,-0.0,0.0,0.0,-0.0,-0.0,0.0,-1.0426301466321236e-06,-0.0,-0.0,-0.0,-0.0,-0.0,-0.0,0.0,-0.0,-0.0,0.0,-1.468653520957037e-06,0.0,0.0,-0.0
ILMN,-0.003514319181545335,-0.0,-0.0,0.0,-0.0,-0.0,-0.0,0.0,-0.0,-0.0,0.0,-0.0,-1.1563283737935542e-05,-0.0,0.0,-0.0,-0.0,0.0,-0.0,-0.0,-0.0,-0.0,-0.0,-1.693086972317607e-05,0.0,-0.0,-0.0
LRCX,-0.003460075281425081,-0.0,-0.0,0.0,-0.0,-0.0,-0.0,0.0,-0.0,-0.0,0.0,-0.0,-3.6851246994601865e-05,-0.0,-0.0,-0.0,-0.0,0.0,-0.0,-0.0,-0.0,0.0,-0.0,-4.0438876763963956e-05,-0.0,-0.0,-0.0
ADP,-0.007003369483097218,-0.0,-0.0,0.0,-0.0,-0.0,-0.0,-0.0,-0.0,-0.0,0.0,-0.0,-7.526383586469097e-06,-0.0,-0.0,-0.0,-0.0,-0.0,-0.0,-0.0,-0.0,-0.0,-0.0,-5.516512468187002e-06,0.0,-0.0,-0.0
BKNG,-0.0005941633025065363,-2.812651359281003e-20,9.379283445302358e-06,-0.0,0.0,0.0,0.0,0.0,0.0,0.0,-0.0,0.0,3.848859575412024e-06,0.0,0.0,0.0,0.0,0.0,0.0,0.0,0.0,0.0,-0.0,0.0,0.0,-0.0,-0.0
MELI,-0.0009760965712420293,-0.0,-0.0,0.0,-0.0,-0.0,-0.0,-0.0,-0.0,-0.0,0.0,-0.0,-5.0296215387673206e-05,-0.0,-0.0,-0.0,-0.0,0.0,-0.0,-0.0,-0.0,-0.0,-0.0,-2.0406545813612025e-06,-0.0,-0.0,0.0
KLAC,-0.006014058907597885,-0.0,-0.0,0.0,-0.0,-0.0,-0.0,0.0,-0.0,-0.0,0.0,-0.0,-2.4999482552552894e-05,-0.0,-0.0,-0.0,-0.0,0.0,-0.0,-0.0,0.0,-0.0,-0.0,-3.7253028048300686e-05,0.0,-0.0,-0.0
NXPI,-0.010086688586657963,-0.0,-2.639480862283951e-05,0.0,0.0,-0.0,0.0,-0.0,0.0,0.0,-0.0,-0.0,-2.2193272431907338e-07,-0.0,-0.0,-0.0,0.0,0.0,-0.0,0.0,-0.0,0.0,-0.0,8.455000211683411e-06,0.0,0.0,-0.0
MNST,-0.031766149280606816,-0.0,-0.0,0.0,-0.0,-0.0,-0.0,0.0,-0.0,-0.0,0.0,-0.0,-8.097087371204339e-06,-4.836287700820415e-05,0.0,0.0,-0.0,-0.0,-0.0,-0.0,0.0,-0.0,-0.0,-1.6315508128732052e-05,-0.0,-0.0,-0.0
WDAY,-0.0056421239415857805,-0.0,-0.0,0.0,-0.0,-0.0,-0.0,0.0,-0.0,-0.0,0.0,-0.0,-2.811424724670029e-05,-0.0,-0.0,-0.0,-0.0,0.0,-0.0,0.0,-0.0,0.0,-0.0,-4.613072666472249e-05,0.0,-0.0,-0.0
ROST,-0.011217660477986514,-0.0,-3.0020043956102715e-05,0.0,-0.0,-0.0,-0.0,0.0,-0.0,-0.0,0.0,-0.0,-3.533546456929296e-06,-0.0,-0.0,-0.0,-0.0,-0.0,-0.0,-0.0,-0.0,0.0,-0.0,-1.2901503619227378e-05,0.0,-0.0,-0.0
KDP,-0.0,-0.0,0.0,0.0,-0.0,-0.0,-0.0,0.0,-0.0,-0.0,0.0,-0.0,-6.912428195686432e-05,-0.0,0.0,-0.0,0.0,-0.0,-0.0,0.0,-0.0,-0.0,-0.0,-9.553586552685395e-05,-0.0,-0.0,-0.0
EA,-0.009361589287798877,-0.0,-9.457800303068217e-05,0.0,-0.0,-0.0,-0.0,0.0,-0.0,-0.0,0.0,-0.0,8.334696472889287e-07,-0.0,-0.0,-0.0,-0.0,-0.0,-0.0,-0.0,-0.0,3.8964280287982204e-05,-0.0,-5.990472045512996e-06,0.0,-0.0,-0.0
ALGN,-0.0034351366672138724,-0.0,0.0,0.0,-0.0,-0.0,-0.0,0.0,-0.0,-0.0,0.0,-0.0,-2.9681729980114183e-05,-0.0,-0.0,-0.0,-0.0,0.0,-0.0,0.0,-0.0,0.0,-0.0,-3.1543214232562184e-05,0.0,0.0,0.0
ADI,-0.00973494777420498,-0.0,0.0,0.0,-0.0,-0.0,-0.0,0.0,-0.0,-0.0,0.0,-0.0,-9.481279954875042e-06,-0.0,-0.0,-0.0,-0.0,-0.0,-0.0,-0.0,-0.0,-1.1734808105502046e-06,0.0,-6.3174431727295835e-06,-0.0,0.0,-0.0
IDXX,-0.0029759231618985875,-0.0,-0.0,0.0,-0.0,-0.0,-0.0,-0.0,-0.0,-0.0,0.0,-0.0,-3.843237254991319e-05,-0.0,-0.0,-0.0,-0.0,0.0,-0.0,-0.0,-0.0,-0.0,-0.0,-3.943472181933136e-05,-0.0,-0.0,0.0
DXCM,-0.0100799731711519,-0.0,-0.0,0.0,-0.0,-0.0,-0.0,0.0,-0.0,-0.0,0.0,-0.0,-9.286208666765055e-05,-0.00024468192940730514,0.0,-0.0,-0.0,-0.0,-0.0,-0.0,-0.0,0.0,-0.0,-0.00022975288010844406,-0.0,-0.0,-0.0
XEL,-0.0157535804331409,-1.2643254373018004e-17,-0.0,0.000564392906822057,-0.0,-0.0,-0.0,0.0,-0.0,-0.0,0.0,-0.0,-9.334852804448598e-06,-7.952628964630494e-06,-0.0,-0.0,-0.0,-0.0,-0.0,-0.0,0.0,-0.0,-0.0,-1.2325805439764097e-05,0.0,-0.0,-0.0
CTAS,-0.0040437592014886435,-0.0,-0.0,0.0,-0.0,-0.0,-0.0,0.0,-0.0,-0.0,0.0,-0.0,-1.1006968808175569e-05,-0.0,-0.0,-0.0,-0.0,0.0,-0.0,-0.0,-0.0,0.0,-0.0,-3.0511202794283756e-05,-0.0,-0.0,0.0
EXC,-0.03613385343777145,-0.0,-0.0,-0.0,0.0,0.0,0.0,0.0,-0.0,-0.0,0.0,-0.0,2.3129344076819e-06,0.0,0.0,-0.0,0.0,0.0,-0.0,0.0,-0.0,0.0,0.0,8.492200182840044e-06,0.0,-0.0,0.0
MAR,-0.009856299452795016,0.0,-0.00010790705673903118,-0.0,0.0,0.0,0.0,-0.0002112206366217653,0.0,0.0,-0.0,0.0,8.619650334188179e-06,0.0,-0.0,0.0,0.0,-0.0,-0.0,-0.0,-0.0,7.314194310741378e-08,0.0,1.875782836234934e-05,-0.0,0.0,-0.0
SNPS,-0.005602288934772215,-4.025887679641344e-19,-0.0,0.0,-0.0,-0.0,-0.0,0.0,-0.0,-0.0,0.0,-0.0,-2.6416975041146248e-05,-0.0,-0.0,-0.0,-0.0,0.0,-0.0,-0.0,0.0,0.0,-0.0,-5.361706221384676e-05,-0.0,0.0,0.0
CDNS,-0.011312947402417358,-0.0,-0.0,0.0,-0.0,-0.0,-0.0,0.0,-0.0,-0.0,0.0,-0.0,-3.209170666192197e-05,-0.0,0.0,-0.0,0.0,-0.0,-0.0,0.0,-0.0,0.0,-0.0,-5.9630580339254724e-05,-0.0,-0.0,-0.0
CPRT,-0.04606945671839458,-6.22291158719608e-17,-0.0,0.004639513373351706,0.0,0.0,-0.0,0.0,-0.0,0.0,-0.0,0.0,-1.4873541329398692e-05,6.04914074763868e-05,0.0,0.0,0.0,-0.0,-0.0,0.0,0.0,0.0,-0.0,-4.342232769912544e-05,-0.0,0.0,-0.0
SGEN,-0.006414358868784925,-0.0,-0.0,0.0,-0.0,-0.0,-0.0,0.0,-0.0,-0.0,0.0,-0.0,-6.281924596827649e-05,-0.0,-0.0,-0.0,-0.0,0.0,-0.0,-0.0,-0.0,-0.0,-0.0,-0.00013168386553801543,0.0,-0.0,-0.0
SPLK,-0.006090608884624263,-0.0,-0.0,0.0,-0.0,-0.0,-0.0,0.0,-0.0,-0.0,0.0,-0.0,-4.5150660192480016e-05,-0.0,-0.0,-0.0,-0.0,-0.0,-0.0,-0.0,-0.0,0.0,-0.0,-7.50162659624784e-05,-0.0,-0.0,-0.0
ORLY,-0.0028870679379070364,-0.0,-0.0,0.0,-0.0,-0.0,-0.0,-0.0,-0.0,-0.0,0.0,-0.0,-9.461244388642449e-06,-0.0,-0.0,-0.0,-0.0,-0.0,-0.0,-0.0,-0.0,0.0,-0.0,-5.911419616446385e-06,0.0,-0.0,-0.0
DLTR,-0.01126448969230138,-9.477535586953978e-18,0.00024668925709615694,-0.0,0.0,0.0,0.0,0.0,0.0,0.0,-0.0,0.0,-2.3475828403591937e-07,0.0,-0.0,0.0,0.0,0.0,0.0,0.0,0.0,3.0546966227596294e-05,-0.0,-6.631604533469317e-08,-0.0,-0.0,-0.0
MTCH,-0.01045581912861868,-0.0,-0.0006016539914030689,0.014571776681391887,-0.0,0.0,-0.0,0.0,-0.0,0.0,-0.0,0.0,-3.799590902807335e-05,-8.033428038093487e-05,0.0,0.0,-0.0,0.0,-0.003565047360793592,0.0,0.0,-1.5577130264141449e-06,0.0,-8.138327070069168e-05,-0.0,0.0,0.0
MCHP,-0.023041900625658116,-0.0,-0.0,0.0,0.0,0.0,0.0,0.0,0.0,0.0,-0.0,-0.0,-3.2431726361179667e-06,0.0,0.0,0.0,0.0,-0.0,0.0,0.0,0.0,-0.0,-0.0,-3.016226147535793e-06,-0.0,0.0,-0.0
INCY,-0.010064910300505558,-1.1384710080757754e-18,0.0,0.0,-0.0,-0.0,-0.0,0.0,-0.0,-0.0,0.0,-0.0,-1.851364750627188e-05,-0.0,0.0,0.0,0.0,-0.0,-0.0,0.0,0.0,0.0,0.0,-1.594739434031044e-05,0.0,0.0,-0.0
PCAR,-0.02166587692491415,-1.0335457587667793e-17,0.0,0.0,0.0,0.0,-0.0,0.0,0.0,0.0,-0.0,-0.0,-3.542990387474303e-06,0.0,-0.0,-0.0,0.0,-0.0,-0.0,0.0,0.0,0.0,0.0,-2.091082998701373e-06,-0.0,-0.0,-0.0
CTSH,-0.016490514484763855,-1.0872074178280395e-19,-5.167092068995383e-05,-0.0,0.0,0.0,0.0,9.938814406620149e-05,0.0,0.0,-0.0,0.0,7.498281945308298e-06,0.0,-0.0,0.0,0.0,0.0,0.0,0.0,0.0,1.2259951346450096e-05,-0.0,3.0517652062921293e-06,-0.0,0.0,0.0
FAST,-0.027917383354111338,-7.947751648081185e-18,-0.0,0.0004917641247757036,-0.0,-0.0,-0.0,0.0,-0.0,-0.0,0.0,-0.0,-1.6037958373388006e-05,-0.0,-0.0,-0.0,0.0,-0.0,-0.0,0.0,-0.0,0.0,-0.0,-2.979491323454983e-05,-0.0,-0.0,-0.0
VRSK,-0.006332260896664635,-3.7414772027014253e-19,-0.0,0.0,-0.0,-0.0,-0.0,0.0,-0.0,-0.0,0.0,-0.0,-1.568085623103011e-05,-0.0,-0.0,-0.0,-0.0,0.0,-0.0,-0.0,-0.0,0.0,-0.0,-1.3976239617209781e-05,0.0,0.0,0.0
CHKP,-0.009357657309722416,-2.326310298792065e-18,6.716694218945577e-06,0.0,-0.0,-0.0,-0.0,0.0,-0.0,-0.0,0.0,-0.0,-4.3324829396509483e-07,-0.0,0.0,0.0,-0.0,-0.0,0.0,-0.0,0.0,-0.0,-0.0,-1.4251824195682098e-06,0.0,0.0,-0.0
ANSS,-0.003704907520891333,-0.0,-0.0,0.0,-0.0,-0.0,-0.0,0.0,-0.0,-0.0,0.0,-0.0,-2.4142673421342992e-05,-0.0,-0.0,-0.0,-0.0,0.0,-0.0,-0.0,-0.0,0.0,-0.0,-3.47987697852446e-05,0.0,-0.0,0.0
SWKS,-0.009249426467304402,-0.0,-0.0,0.0,-0.0,-0.0,-0.0,0.0,-0.0,-0.0,0.0,-0.0,-1.6575355873721374e-05,-0.0,-0.0,-0.0,-0.0,-0.0,-0.0,-0.0,-0.0,0.0,-0.0,-2.7605276646125164e-05,0.0,-0.0,-0.0
CDW,-0.009201734768496589,-3.709654327210902e-18,-0.0,0.0,-0.0,-0.0,-0.0,0.0,-0.0,-0.0,0.0,-0.0,-2.0332542963736368e-05,-0.0,-0.0,-0.0,-0.0,0.0,-0.0,-0.0,-0.0,0.0,-0.0,-3.190295857609652e-05,-0.0,-0.0,0.0
TEAM,-0.005439937559744648,-1.1292645363030829e-18,-0.0,0.0,-0.0,-0.0,-0.0,0.0,-0.0,-0.0,0.0,-0.0,-8.128145222634926e-05,-0.0,-0.0,-0.0,-0.0,-0.0,-0.0,-0.0,-0.0,0.0,-0.0,-0.0001050976097992504,-0.0,-0.0,-0.0
WBA,-0.016693639462235708,-0.0,0.0,0.0,0.0,0.0,0.0,-0.0,0.0,0.0,-0.0,0.0,3.7544283340380907e-06,-0.00014920113073496624,0.0,0.0,0.0,-0.0,0.0,0.0,0.0,0.0,0.0,5.261787325442559e-06,0.0,0.0,-0.0
LULU,-0.003528685198321352,-0.0,-0.0,0.0,-0.0,-0.0,-0.0,0.0,-0.0,-0.0,0.0,-0.0,-5.5332778509510646e-05,-0.0,0.0,-0.0,-0.0,-0.0,-0.0,-0.0,-0.0,0.0,-0.0,-0.00010315661828027814,-0.0,0.0,-0.0
PAYX,-0.014462151019178348,-0.0,0.0,0.0,-0.0,-0.0,0.0,-0.0,-0.0,-0.0,0.0,0.0,2.477319868565417e-06,-0.0,-0.0,-0.0,-0.0,-0.0,-0.0,-0.0,-0.0,6.361721525735531e-06,-0.0,2.1297590060759626e-07,-0.0,-0.0,-0.0
VRSN,-0.0053833122634831644,-5.943504075241199e-18,-0.0,0.0,-0.0,-0.0,-0.0,0.0,-0.0,-0.0,0.0,-0.0,-1.605670450217637e-05,-0.0,-0.0,0.0,-0.0,0.0,-0.0,-0.0,0.0,-0.0,-0.0,-1.6503486400585676e-05,-0.0,-0.0,0.0
AEP,-0.011922008405428971,-8.283702633149349e-19,-0.0,0.0,-0.0,-0.0,-0.0,0.0,-0.0,-0.0,0.0,-0.0,-5.191620546009002e-06,-0.0,-0.0,0.0,-0.0,-0.0,-0.0,-0.0,0.0,0.0,-0.0,-6.2509302596915375e-06,-0.0,0.0,-0.0
ZBRA,-0.004254154663696884,-0.0,-0.0,0.0,-0.0,-0.0,-0.0,-0.0,-0.0,-0.0,0.0,-0.0,-3.747811720628124e-05,-0.0,-0.0,-0.0,-0.0,0.0,-0.0,-0.0,-0.0,-0.0,-0.0,-6.283196145031638e-05,-0.0,-0.0,0.0
TCOM,-0.026500872265516597,-0.0,0.0,0.0,0.0,0.0,0.0,0.0,0.0,0.0,-0.0,0.0,8.639466083256069e-06,0.0,0.0,0.0,0.0,-0.0,0.0,0.0,0.0,0.0,0.0,-8.296636301172532e-06,-0.0,0.0,-0.0
NTES,-0.01431987726229954,-1.72733240117395e-18,-0.0,0.0,-0.0,-0.0,-0.0,0.0,-0.0,-0.0,0.0,-0.0,-2.336143420769349e-05,-0.0,-0.0,-0.0,-0.0,-0.0,-0.0,-0.0,-0.0,0.0,-0.0,-4.9540934367444585e-05,-0.0,-0.0,-0.0
BMRN,-0.010877680096564653,-0.0,3.254214272929205e-05,0.0,-0.0,-0.0,-0.0,0.0,-0.0,-0.0,-0.0,-0.0,-5.174301536392738e-06,-0.0,0.0,0.0,-0.0,-0.0,0.0,-0.0,0.0,-0.0,0.0,-8.050802599165406e-06,0.0,-0.0,-0.0
ULTA,-0.004984547855083923,0.0008347106165084304,7.157143401686986e-05,-0.0,0.0,0.0,0.0,-8.197205361029668e-05,0.0,0.0,-0.0,0.0,2.5631403063907426e-06,0.0,-0.0,-0.0,-0.0,-0.0,-0.0,0.0,0.0,-3.54708149760702e-06,-0.0,1.140105775827343e-05,-0.0,0.0,0.0
EXPE,-0.010240601230213562,0.0,0.0009761129428870211,-0.0009192485041201793,0.0002477236340926403,0.0,0.0,-0.00011521523465933413,0.0,0.0,-0.0,0.0,9.21496944985255e-06,0.0,0.0,0.0,0.0,-0.0,0.0,0.0,-0.0,0.0,-0.0,-6.340140305717762e-06,-0.0,-0.0,0.0
CSGP,-0.013517268985724376,-1.035536775409449e-18,-0.0,0.0,-0.0,-0.0,-0.0,0.0,-0.0,-0.0,0.0,-0.0,-4.300329247020711e-05,-0.0,0.0,-0.0,0.0,-0.0,-0.0,0.0,-0.0,-3.423618047945855e-06,-0.0,-6.515366325121208e-05,-0.0,0.0,-0.0
SIRI,-0.12451128323089587,-1.3553221725100809e-16,-0.0,0.005130444963930333,0.0,0.0,-0.0,0.0,-0.0,0.0,-0.0,0.0,-1.266410094077976e-05,2.0881793665085156e-05,0.0,0.0,0.0,-0.0,-0.0,0.0,-0.0,0.0,-0.0,-3.435377139883808e-05,-0.0,-0.0,-0.0
EBAY,-0.023169122094424476,-2.138293821211669e-18,-0.0,0.0,0.0,0.0,-0.0,0.0,-0.0,0.0,-0.0,-0.0,-1.2604868003650025e-05,0.0,0.0,-0.0,-0.0,-0.0,-0.0,-0.0,-0.0,-0.0,-0.0,-3.498013301767243e-05,-0.0,0.0,-0.0
WDC,-0.017464499621730273,-0.0,0.0,0.0,0.0,0.0,0.0,0.0,0.0,0.0,-0.0,0.0,3.312467379612221e-08,-0.00021514784856805036,0.0,0.0,0.0,-0.0,-0.0,0.0,-0.0,0.0,0.0,4.23634640555251e-06,0.0,0.0,-0.0
